district,sale_year,sales,median_price,prev_year_median,yoy_growth_pct
OLDHAM,2025,2543,215000.0,200000.0,7.5
SALFORD,2025,3623,240000.0,225000.0,6.7
BURY,2025,2482,255000.0,240000.0,6.3
WIGAN,2025,4750,200000.0,190000.0,5.3
BOLTON,2025,3557,210000.0,200300.0,4.8
STOCKPORT,2025,4668,310750.0,296500.0,4.8
TRAFFORD,2025,3207,370495.0,355000.0,4.4
TAMESIDE,2025,2957,220000.0,212000.0,3.8
ROCHDALE,2025,2697,210000.0,205000.0,2.4
MANCHESTER,2025,4894,255000.0,255000.0,0.0
ROCHDALE,2024,2426,205000.0,182750.0,12.2
BOLTON,2024,3282,200300.0,182000.0,10.1
OLDHAM,2024,2326,200000.0,185000.0,8.1
TAMESIDE,2024,2800,212000.0,196250.0,8.0
BURY,2024,2381,240000.0,225000.0,6.7
TRAFFORD,2024,3109,355000.0,335025.0,6.0
WIGAN,2024,4466,190000.0,180000.0,5.6
STOCKPORT,2024,4232,296500.0,288000.0,3.0
SALFORD,2024,3442,225000.0,220000.0,2.3
MANCHESTER,2024,4994,255000.0,249648.0,2.1
MANCHESTER,2023,4558,249648.0,243262.0,2.6
BOLTON,2023,3061,182000.0,180000.0,1.1
OLDHAM,2023,2117,185000.0,185000.0,0.0
STOCKPORT,2023,3805,288000.0,290000.0,-0.7
TAMESIDE,2023,2657,196250.0,198500.0,-1.1
ROCHDALE,2023,2276,182750.0,185000.0,-1.2
TRAFFORD,2023,2888,335025.0,340000.0,-1.5
BURY,2023,2127,225000.0,229000.0,-1.7
WIGAN,2023,4189,180000.0,185000.0,-2.7
SALFORD,2023,3379,220000.0,229000.0,-3.9
TRAFFORD,2022,3345,340000.0,300750.0,13.1
WIGAN,2022,5432,185000.0,167000.0,10.8
TAMESIDE,2022,3239,198500.0,180000.0,10.3
BOLTON,2022,4017,180000.0,165000.0,9.1
SALFORD,2022,4067,229000.0,210000.0,9.0
ROCHDALE,2022,2981,185000.0,170500.0,8.5
MANCHESTER,2022,6037,243262.0,225000.0,8.1
STOCKPORT,2022,4655,290000.0,270000.0,7.4
OLDHAM,2022,2747,185000.0,173000.0,6.9
BURY,2022,2765,229000.0,215000.0,6.5
OLDHAM,2021,3288,173000.0,152000.0,13.8
BURY,2021,3234,215000.0,190000.0,13.2
ROCHDALE,2021,3384,170500.0,152000.0,12.2
TAMESIDE,2021,3945,180000.0,161000.0,11.8
BOLTON,2021,4505,165000.0,150000.0,10.0
SALFORD,2021,5078,210000.0,193012.0,8.8
STOCKPORT,2021,5852,270000.0,249995.0,8.0
WIGAN,2021,5967,167000.0,155000.0,7.7
MANCHESTER,2021,6737,225000.0,210000.0,7.1
TRAFFORD,2021,4820,300750.0,297000.0,1.3
MANCHESTER,2020,5584,210000.0,181000.0,16.0
SALFORD,2020,3448,193012.0,171000.0,12.9
OLDHAM,2020,2397,152000.0,137000.0,10.9
STOCKPORT,2020,4260,249995.0,227000.0,10.1
TRAFFORD,2020,3059,297000.0,271000.0,9.6
BOLTON,2020,3518,150000.0,138000.0,8.7
BURY,2020,2233,190000.0,175000.0,8.6
ROCHDALE,2020,2443,152000.0,140998.0,7.8
TAMESIDE,2020,2633,161000.0,152000.0,5.9
WIGAN,2020,4772,155000.0,147000.0,5.4
TAMESIDE,2019,3158,152000.0,140000.0,8.6
SALFORD,2019,4414,171000.0,160000.0,6.9
WIGAN,2019,5186,147000.0,138000.0,6.5
ROCHDALE,2019,2986,140998.0,132500.0,6.4
OLDHAM,2019,2947,137000.0,130000.0,5.4
MANCHESTER,2019,5719,181000.0,173000.0,4.6
BURY,2019,2725,175000.0,167725.0,4.3
TRAFFORD,2019,3482,271000.0,262500.0,3.2
BOLTON,2019,3785,138000.0,135000.0,2.2
STOCKPORT,2019,4750,227000.0,225000.0,0.9
