sale_year,sale_month,sales,sales_index,median_price
2018,1,2806,82.4,160000.0
2018,2,2969,87.2,159950.0
2018,3,3414,100.2,160000.0
2018,4,2808,82.4,162000.0
2018,5,3276,96.2,160000.0
2018,6,3760,110.4,165998.0
2018,7,3491,102.5,167000.0
2018,8,4053,119.0,165000.0
2018,9,3411,100.2,165000.0
2018,10,3813,112.0,168000.0
2018,11,3932,115.5,165000.0
2018,12,3136,92.1,166000.0
2019,1,2487,76.2,165000.0
2019,2,3027,92.8,160995.0
2019,3,3072,94.2,162000.0
2019,4,2940,90.1,170000.0
2019,5,3452,105.8,167000.0
2019,6,3268,100.2,172500.0
2019,7,3309,101.4,173000.0
2019,8,3941,120.8,175000.0
2019,9,3317,101.7,177000.0
2019,10,3524,108.0,172995.0
2019,11,3692,113.2,177000.0
2019,12,3123,95.7,175000.0
2020,1,2791,97.5,175000.0
2020,2,2879,100.6,175000.0
2020,3,2844,99.4,179000.0
2020,4,1316,46.0,171000.0
2020,5,1598,55.8,167904.0
2020,6,2267,79.2,180000.0
2020,7,2851,99.6,183000.0
2020,8,2858,99.9,190000.0
2020,9,3239,113.2,190000.0
2020,10,3794,132.6,199000.0
2020,11,3815,133.3,207813.0
2020,12,4095,143.1,202500.0
2021,1,3131,80.3,210000.0
2021,2,4062,104.1,205000.0
2021,3,5264,134.9,215000.0
2021,4,3617,92.7,198000.0
2021,5,3254,83.4,200000.0
2021,6,5982,153.4,245000.0
2021,7,2879,73.8,181000.0
2021,8,3511,90.0,195000.0
2021,9,5457,139.9,218000.0
2021,10,2698,69.2,186324.0
2021,11,3394,87.0,200000.0
2021,12,3561,91.3,210000.0
2022,1,2675,81.7,220000.0
2022,2,3014,92.1,210000.0
2022,3,3490,106.6,210000.0
2022,4,3318,101.4,222000.0
2022,5,3045,93.0,215995.0
2022,6,3085,94.2,220950.0
2022,7,3538,108.1,224975.0
2022,8,3482,106.4,230000.0
2022,9,3636,111.1,235000.0
2022,10,3359,102.6,230000.0
2022,11,3438,105.0,227645.0
2022,12,3205,97.9,225000.0
2023,1,2293,88.6,220000.0
2023,2,2434,94.0,219975.0
2023,3,2782,107.5,215000.0
2023,4,2035,78.6,219995.0
2023,5,2243,86.7,220000.0
2023,6,2745,106.1,227500.0
2023,7,2695,104.1,225000.0
2023,8,3090,119.4,228000.0
2023,9,2848,110.0,223750.0
2023,10,2745,106.1,225000.0
2023,11,2646,102.2,220000.0
2023,12,2501,96.6,229000.0
2024,1,2150,77.1,225000.0
2024,2,2213,79.4,225000.0
2024,3,2577,92.4,222000.0
2024,4,2235,80.2,229995.0
2024,5,2949,105.8,245000.0
2024,6,2594,93.0,240000.0
2024,7,3066,110.0,237500.0
2024,8,3264,117.1,240000.0
2024,9,2918,104.7,240000.0
2024,10,3247,116.5,237500.0
2024,11,3165,113.5,242500.0
2024,12,3080,110.5,234723.0
2025,1,2418,82.0,240000.0
2025,2,2740,92.9,243000.0
2025,3,5309,180.1,257500.0
2025,4,1621,55.0,219750.0
2025,5,2398,81.3,235000.0
2025,6,2751,93.3,242000.0
2025,7,3053,103.6,243000.0
2025,8,3195,108.4,249000.0
2025,9,2989,101.4,244000.0
2025,10,3440,116.7,249975.0
2025,11,2825,95.8,245000.0
2025,12,2639,89.5,240000.0
