sale_year,area,sales,median_price
2018,Greater Manchester,40869,164995.0
2018,Rest of England and Wales,834695,240000.0
2019,Greater Manchester,39152,170000.0
2019,Rest of England and Wales,803867,243000.0
2020,Greater Manchester,34347,187000.0
2020,Rest of England and Wales,719041,260000.0
2021,Greater Manchester,46810,208000.0
2021,Rest of England and Wales,1040124,280000.0
2022,Greater Manchester,39285,222500.0
2022,Rest of England and Wales,870656,294950.0
2023,Greater Manchester,31057,222500.0
2023,Rest of England and Wales,677258,290000.0
2024,Greater Manchester,33458,235000.0
2024,Rest of England and Wales,730447,295000.0
2025,Greater Manchester,35378,245000.0
2025,Rest of England and Wales,774083,300000.0
