county,sales,median_price,price_rank
GREATER LONDON,710904,505000.0,1
WINDSOR AND MAIDENHEAD,16866,500000.0,2
SURREY,145424,479950.0,3
WOKINGHAM,23338,458750.0,4
HERTFORDSHIRE,131690,430000.0,5
BUCKINGHAMSHIRE,66072,430000.0,5
BRIGHTON AND HOVE,31613,391000.0,7
BRACKNELL FOREST,16655,385000.0,8
OXFORDSHIRE,86409,381400.0,9
WEST BERKSHIRE,18763,375800.0,10
WEST SUSSEX,117254,365000.0,11
BATH AND NORTH EAST SOMERSET,23017,365000.0,11
ESSEX,191454,350000.0,13
SLOUGH,9115,350000.0,13
HAMPSHIRE,177563,347500.0,15
CENTRAL BEDFORDSHIRE,42931,345000.0,16
CAMBRIDGESHIRE,82189,330000.0,17
KENT,197238,330000.0,17
READING,17570,327500.0,19
MILTON KEYNES,34101,325000.0,20
DORSET,54896,325000.0,20
THURROCK,17630,320000.0,22
EAST SUSSEX,75937,320000.0,22
"BOURNEMOUTH, CHRISTCHURCH AND POOLE",45404,320000.0,22
SOUTHEND-ON-SEA,21812,315000.0,25
BEDFORD,22007,314995.0,26
SOUTH GLOUCESTERSHIRE,36898,312500.0,27
RUTLAND,5301,310000.0,28
CITY OF BRISTOL,52894,310000.0,28
WILTSHIRE,64532,300000.0,30
NORTH SOMERSET,31820,295000.0,31
MONMOUTHSHIRE,11263,294000.0,32
WEST NORTHAMPTONSHIRE,34365,292000.0,33
DEVON,114800,290000.0,34
GLOUCESTERSHIRE,87220,290000.0,34
POOLE,3198,285000.0,36
WARWICKSHIRE,82199,285000.0,36
MEDWAY,31573,282000.0,38
YORK,24384,277500.0,39
SUFFOLK,98417,275000.0,40
LUTON,16018,275000.0,40
CHESHIRE EAST,61132,270000.0,42
HEREFORDSHIRE,23045,270000.0,42
WORCESTERSHIRE,73928,267500.0,44
CORNWALL,77430,265000.0,45
SOMERSET,76193,262500.0,46
LEICESTERSHIRE,95467,260000.0,47
NORTH NORTHAMPTONSHIRE,30249,258000.0,48
NORFOLK,124069,256500.0,49
THE VALE OF GLAMORGAN,17359,253646.0,50
BOURNEMOUTH,3815,253500.0,51
SWINDON,29869,251000.0,52
NORTH YORKSHIRE,89026,250000.0,53
SHROPSHIRE,41033,250000.0,53
WESTMORLAND AND FURNESS,11708,248000.0,55
ISLE OF WIGHT,20756,241150.0,56
CARDIFF,39580,240000.0,57
PORTSMOUTH,21160,238000.0,58
SOUTHAMPTON,23965,235000.0,59
CHESHIRE WEST AND CHESTER,45996,235000.0,59
WARRINGTON,24908,230000.0,61
NORTHAMPTONSHIRE,35046,230000.0,61
TORBAY,19576,229950.0,63
STAFFORDSHIRE,110983,225000.0,64
CITY OF PETERBOROUGH,22211,221500.0,65
POWYS,13974,215000.0,66
CEREDIGION,7629,215000.0,66
NOTTINGHAMSHIRE,111060,215000.0,66
DERBYSHIRE,109368,212500.0,69
EAST RIDING OF YORKSHIRE,52635,210000.0,70
LEICESTER,20876,210000.0,70
LINCOLNSHIRE,104309,210000.0,70
WREKIN,21853,207500.0,73
GREATER MANCHESTER,300356,205000.0,74
WEST MIDLANDS,246741,205000.0,74
NEWPORT,18814,202000.0,76
ISLE OF ANGLESEY,7933,202000.0,76
PEMBROKESHIRE,15354,200000.0,78
CITY OF PLYMOUTH,31758,200000.0,78
CONWY,15875,190000.0,80
NORTHUMBERLAND,44833,189950.0,81
CITY OF DERBY,25745,188000.0,82
FLINTSHIRE,18107,187000.0,83
WEST YORKSHIRE,259874,185000.0,84
LANCASHIRE,161981,180000.0,85
BRIDGEND,17456,180000.0,85
DENBIGHSHIRE,11359,177000.0,87
WREXHAM,13242,175625.0,88
TORFAEN,10156,175000.0,89
CUMBRIA,44233,175000.0,89
CUMBERLAND,14263,175000.0,89
MERSEYSIDE,150698,175000.0,89
GWYNEDD,13490,175000.0,89
SWANSEA,24904,174950.0,94
CITY OF NOTTINGHAM,25755,170000.0,95
SOUTH YORKSHIRE,148748,169500.0,96
CARMARTHENSHIRE,20853,166000.0,97
HALTON,12583,165000.0,98
TYNE AND WEAR,121552,165000.0,98
STOCKTON-ON-TEES,24147,163000.0,100
NORTH LINCOLNSHIRE,20026,162000.0,101
DARLINGTON,14331,160000.0,102
CAERPHILLY,18155,160000.0,102
NORTH EAST LINCOLNSHIRE,19743,150000.0,104
REDCAR AND CLEVELAND,15961,149000.0,105
MIDDLESBROUGH,14775,145000.0,106
BLACKBURN WITH DARWEN,15780,145000.0,106
HARTLEPOOL,11234,140000.0,108
NEATH PORT TALBOT,14831,140000.0,108
STOKE-ON-TRENT,26401,135000.0,110
RHONDDA CYNON TAFF,26320,135000.0,110
COUNTY DURHAM,63963,130000.0,112
CITY OF KINGSTON UPON HULL,25399,128000.0,113
MERTHYR TYDFIL,5364,126000.0,114
BLACKPOOL,17404,125000.0,115
BLAENAU GWENT,6939,116000.0,116
