month_start,sales_in_window,rolling_12m_median
2018-12-01,40869,164995.0
2019-01-01,40550,165000.0
2019-02-01,40608,165000.0
2019-03-01,40266,165000.0
2019-04-01,40398,165000.0
2019-05-01,40574,165000.0
2019-06-01,40082,166000.0
2019-07-01,39900,166998.0
2019-08-01,39788,167995.0
2019-09-01,39694,169000.0
2019-10-01,39405,169995.0
2019-11-01,39165,170000.0
2019-12-01,39152,170000.0
2020-01-01,39456,172000.0
2020-02-01,39308,173000.0
2020-03-01,39080,175000.0
2020-04-01,37456,175000.0
2020-05-01,35602,175000.0
2020-06-01,34601,175000.0
2020-07-01,34143,175500.0
2020-08-01,33060,177500.0
2020-09-01,32982,179950.0
2020-10-01,33252,180000.0
2020-11-01,33375,185000.0
2020-12-01,34347,187000.0
2021-01-01,34687,190000.0
2021-02-01,35870,192500.0
2021-03-01,38290,196500.0
2021-04-01,40591,198000.0
2021-05-01,42247,200000.0
2021-06-01,45962,205500.0
2021-07-01,45990,205000.0
2021-08-01,46643,205000.0
2021-09-01,48861,209887.0
2021-10-01,47765,208000.0
2021-11-01,47344,207950.0
2021-12-01,46810,208000.0
2022-01-01,46354,209000.0
2022-02-01,45306,209995.0
2022-03-01,43532,209000.0
2022-04-01,43233,210000.0
2022-05-01,43024,210000.0
2022-06-01,40127,208500.0
2022-07-01,40786,210000.0
2022-08-01,40757,215000.0
2022-09-01,38936,215000.0
2022-10-01,39597,220000.0
2022-11-01,39641,220000.0
2022-12-01,39285,222500.0
2023-01-01,38903,222950.0
2023-02-01,38323,224000.0
2023-03-01,37615,225000.0
2023-04-01,36332,224400.0
2023-05-01,35530,225000.0
2023-06-01,35190,225000.0
2023-07-01,34347,225000.0
2023-08-01,33955,225000.0
2023-09-01,33167,224400.0
2023-10-01,32553,223995.0
2023-11-01,31761,222500.0
2023-12-01,31057,222500.0
2024-01-01,30914,223000.0
2024-02-01,30693,224400.0
2024-03-01,30488,225000.0
2024-04-01,30688,225000.0
2024-05-01,31394,227000.0
2024-06-01,31243,229000.0
2024-07-01,31614,230000.0
2024-08-01,31788,230000.0
2024-09-01,31858,231000.0
2024-10-01,32360,233000.0
2024-11-01,32879,235000.0
2024-12-01,33458,235000.0
2025-01-01,33726,235400.0
2025-02-01,34253,237779.0
2025-03-01,36985,241000.0
2025-04-01,36371,240000.0
2025-05-01,35820,240000.0
2025-06-01,35977,240000.0
2025-07-01,35964,240000.0
2025-08-01,35895,241500.0
2025-09-01,35966,242000.0
2025-10-01,36159,243101.0
2025-11-01,35819,244000.0
2025-12-01,35378,245000.0
