area,sale_year,sales,volume_index_2018
Greater Manchester,2018,40869,100.0
Greater Manchester,2019,39152,95.8
Greater Manchester,2020,34347,84.0
Greater Manchester,2021,46810,114.5
Greater Manchester,2022,39285,96.1
Greater Manchester,2023,31057,76.0
Greater Manchester,2024,33458,81.9
Greater Manchester,2025,35378,86.6
Rest of England and Wales,2018,834695,100.0
Rest of England and Wales,2019,803867,96.3
Rest of England and Wales,2020,719041,86.1
Rest of England and Wales,2021,1040124,124.6
Rest of England and Wales,2022,870656,104.3
Rest of England and Wales,2023,677258,81.1
Rest of England and Wales,2024,730447,87.5
Rest of England and Wales,2025,774083,92.7
