district,kind,total_sales,share_of_sales_pct,median_2018,median_2025,cagr_pct
BOLTON,Flat,2346.0,7.9,88000.0,115000.0,3.9
BOLTON,House,27257.0,92.1,138000.0,220000.0,6.89
BURY,Flat,1833.0,8.8,111000.0,140500.0,3.42
BURY,House,19012.0,91.2,172000.0,262500.0,6.23
MANCHESTER,Flat,17565.0,39.2,175000.0,220000.0,3.32
MANCHESTER,House,27212.0,60.8,172000.0,280000.0,7.21
OLDHAM,Flat,1094.0,5.2,104750.0,145000.0,4.75
OLDHAM,House,20065.0,94.8,130000.0,217000.0,7.59
ROCHDALE,Flat,1133.0,5.1,79995.0,118000.0,5.71
ROCHDALE,House,21043.0,94.9,135000.0,220000.0,7.23
SALFORD,Flat,11078.0,34.7,138048.0,199000.0,5.36
SALFORD,House,20863.0,65.3,171995.0,255000.0,5.79
STOCKPORT,Flat,4340.0,11.7,130000.0,167750.0,3.71
STOCKPORT,House,32859.0,88.3,235000.0,328000.0,4.88
TAMESIDE,Flat,1610.0,6.5,95250.0,130000.0,4.54
TAMESIDE,House,23244.0,93.5,146995.0,225000.0,6.27
TRAFFORD,Flat,6130.0,22.2,163000.0,200000.0,2.97
TRAFFORD,House,21530.0,77.8,297500.0,400000.0,4.32
WIGAN,Flat,2017.0,5.0,89225.0,115000.0,3.69
WIGAN,House,38125.0,95.0,140000.0,205000.0,5.6
