month_start,sales,median_price
2018-01-01,2806,160000.0
2018-02-01,2969,159950.0
2018-03-01,3414,160000.0
2018-04-01,2808,162000.0
2018-05-01,3276,160000.0
2018-06-01,3760,165997.5
2018-07-01,3491,167000.0
2018-08-01,4053,165000.0
2018-09-01,3411,165000.0
2018-10-01,3813,168000.0
2018-11-01,3932,165000.0
2018-12-01,3136,166000.0
2019-01-01,2487,165000.0
2019-02-01,3027,160995.0
2019-03-01,3072,162000.0
2019-04-01,2940,170000.0
2019-05-01,3452,167000.0
2019-06-01,3268,172500.0
2019-07-01,3309,173000.0
2019-08-01,3941,175000.0
2019-09-01,3317,177000.0
2019-10-01,3524,172995.0
2019-11-01,3692,177000.0
2019-12-01,3123,175000.0
2020-01-01,2791,175000.0
2020-02-01,2879,175000.0
2020-03-01,2844,179000.0
2020-04-01,1316,171000.0
2020-05-01,1598,167904.0
2020-06-01,2267,180000.0
2020-07-01,2851,183000.0
2020-08-01,2858,190000.0
2020-09-01,3239,190000.0
2020-10-01,3794,199000.0
2020-11-01,3815,207813.0
2020-12-01,4095,202500.0
2021-01-01,3131,210000.0
2021-02-01,4062,205000.0
2021-03-01,5264,215000.0
2021-04-01,3617,198000.0
2021-05-01,3254,200000.0
2021-06-01,5982,245000.0
2021-07-01,2879,181000.0
2021-08-01,3511,195000.0
2021-09-01,5457,218000.0
2021-10-01,2698,186324.0
2021-11-01,3394,200000.0
2021-12-01,3561,210000.0
2022-01-01,2675,220000.0
2022-02-01,3014,210000.0
2022-03-01,3490,210000.0
2022-04-01,3318,222000.0
2022-05-01,3045,215995.0
2022-06-01,3085,220950.0
2022-07-01,3538,224975.0
2022-08-01,3482,230000.0
2022-09-01,3636,235000.0
2022-10-01,3359,230000.0
2022-11-01,3438,227645.0
2022-12-01,3205,225000.0
2023-01-01,2293,220000.0
2023-02-01,2434,219975.0
2023-03-01,2782,215000.0
2023-04-01,2035,219995.0
2023-05-01,2243,220000.0
2023-06-01,2745,227500.0
2023-07-01,2695,225000.0
2023-08-01,3090,228000.0
2023-09-01,2848,223750.0
2023-10-01,2745,225000.0
2023-11-01,2646,220000.0
2023-12-01,2501,229000.0
2024-01-01,2150,225000.0
2024-02-01,2213,225000.0
2024-03-01,2577,222000.0
2024-04-01,2235,229995.0
2024-05-01,2949,245000.0
2024-06-01,2594,240000.0
2024-07-01,3066,237500.0
2024-08-01,3264,240000.0
2024-09-01,2918,240000.0
2024-10-01,3247,237500.0
2024-11-01,3165,242500.0
2024-12-01,3080,234722.5
2025-01-01,2418,240000.0
2025-02-01,2740,243000.0
2025-03-01,5309,257500.0
2025-04-01,1621,219750.0
2025-05-01,2398,235000.0
2025-06-01,2751,242000.0
2025-07-01,3053,243000.0
2025-08-01,3195,249000.0
2025-09-01,2989,244000.0
2025-10-01,3440,249975.0
2025-11-01,2825,245000.0
2025-12-01,2639,240000.0
