month_start,forecast_holt,naive,lo80,hi80
2026-01-01,246186.0,240000.0,233682.0,260207.0
2026-02-01,246945.0,240000.0,234402.0,261009.0
2026-03-01,247700.0,240000.0,235118.0,261807.0
2026-04-01,248451.0,240000.0,235832.0,262601.0
2026-05-01,249199.0,240000.0,236541.0,263391.0
2026-06-01,249943.0,240000.0,237248.0,264178.0
2026-07-01,250684.0,240000.0,235317.0,263480.0
2026-08-01,251421.0,240000.0,236009.0,264254.0
2026-09-01,252155.0,240000.0,236698.0,265025.0
2026-10-01,252885.0,240000.0,237383.0,265793.0
2026-11-01,253611.0,240000.0,238065.0,266556.0
2026-12-01,254334.0,240000.0,238743.0,267316.0
