origin,model,horizon,actual,forecast,abs_pct_error,pct_error
2021-12,Naive,1,219999.99999999985,210000.0000000001,4.545454545454443,-4.545454545454443
2021-12,Naive,2,210000.0000000001,210000.0000000001,0.0,0.0
2021-12,Naive,3,210000.0000000001,210000.0000000001,0.0,0.0
2021-12,Naive,4,222000.00000000012,210000.0000000001,5.405405405405415,-5.405405405405415
2021-12,Naive,5,215994.9999999999,210000.0000000001,2.775527211277959,-2.775527211277959
2021-12,Naive,6,220949.99999999997,210000.0000000001,4.955872369314273,-4.955872369314273
2021-12,Naive,7,224975.00000000003,210000.0000000001,6.656295143904852,-6.656295143904852
2021-12,Naive,8,230000.0000000002,210000.0000000001,8.695652173913086,-8.695652173913086
2021-12,Naive,9,234999.99999999994,210000.0000000001,10.638297872340367,-10.638297872340367
2021-12,Naive,10,230000.0000000002,210000.0000000001,8.695652173913086,-8.695652173913086
2021-12,Naive,11,227645.0000000001,210000.0000000001,7.751103692152252,-7.751103692152252
2021-12,Naive,12,225000.00000000015,210000.0000000001,6.666666666666688,-6.666666666666688
2021-12,Drift,1,219999.99999999985,211218.5447272707,3.9915705785132567,-3.9915705785132567
2021-12,Drift,2,210000.0000000001,212444.160174791,1.163885797519483,1.163885797519483
2021-12,Drift,3,210000.0000000001,213676.88737107872,1.7508987481326794,1.7508987481326794
2021-12,Drift,4,222000.00000000012,214916.76758272454,3.1906452330070145,-3.1906452330070145
2021-12,Drift,5,215994.9999999999,216163.84231577202,0.07816954826366898,0.07816954826366898
2021-12,Drift,6,220949.99999999997,217418.15331710782,1.5984823185753123,-1.5984823185753123
2021-12,Drift,7,224975.00000000003,218679.74257585767,2.798203099963265,-2.798203099963265
2021-12,Drift,8,230000.0000000002,219948.65232479436,4.370151163132974,-4.370151163132974
2021-12,Drift,9,234999.99999999994,221224.92504174984,5.861734024787278,-5.861734024787278
2021-12,Drift,10,230000.0000000002,222508.60345103813,3.257128934331334,-3.257128934331334
2021-12,Drift,11,227645.0000000001,223799.7305248839,1.6891517385034547,-1.6891517385034547
2021-12,Drift,12,225000.00000000015,225098.3494848633,0.0437108821614076,0.0437108821614076
2021-12,Damped Holt,1,219999.99999999985,206615.45088361867,6.083885961991451,-6.083885961991451
2021-12,Damped Holt,2,210000.0000000001,207610.14579896818,1.1380258100151934,-1.1380258100151934
2021-12,Damped Holt,3,210000.0000000001,208604.62003936712,0.6644666479204617,-0.6644666479204617
2021-12,Damped Holt,4,222000.00000000012,209598.84983842348,5.586103676385867,-5.586103676385867
2021-12,Damped Holt,5,215994.9999999999,210592.81156633882,2.5010710588953904,-2.5010710588953904
2021-12,Damped Holt,6,220949.99999999997,211586.4817308749,4.237844883061816,-4.237844883061816
2021-12,Damped Holt,7,224975.00000000003,212579.8369782948,5.509573517815414,-5.509573517815414
2021-12,Damped Holt,8,230000.0000000002,213572.8540942752,7.142237350315218,-7.142237350315218
2021-12,Damped Holt,9,234999.99999999994,214565.51000479647,8.695527657533395,-8.695527657533395
2021-12,Damped Holt,10,230000.0000000002,215557.78177700317,6.279225314346531,-6.279225314346531
2021-12,Damped Holt,11,227645.0000000001,216549.6466200403,4.873971921175422,-4.873971921175422
2021-12,Damped Holt,12,225000.00000000015,217541.08188586414,3.3150747173937765,-3.3150747173937765
2021-12,"ARIMA(1,1,1)",1,219999.99999999985,200970.172294733,8.649921684212213,-8.649921684212213
2021-12,"ARIMA(1,1,1)",2,210000.0000000001,203408.3415393031,3.138884981284277,-3.138884981284277
2021-12,"ARIMA(1,1,1)",3,210000.0000000001,202736.44330383884,3.458836521981546,-3.458836521981546
2021-12,"ARIMA(1,1,1)",4,222000.00000000012,202920.5730498055,8.594336464051622,-8.594336464051622
2021-12,"ARIMA(1,1,1)",5,215994.9999999999,202870.03610795506,6.076512832262253,-6.076512832262253
2021-12,"ARIMA(1,1,1)",6,220949.99999999997,202883.90084655565,8.176555398707544,-8.176555398707544
2021-12,"ARIMA(1,1,1)",7,224975.00000000003,202880.09663701674,9.821048277801214,-9.821048277801214
2021-12,"ARIMA(1,1,1)",8,230000.0000000002,202881.14040375184,11.790808520107975,-11.790808520107975
2021-12,"ARIMA(1,1,1)",9,234999.99999999994,202880.85402140868,13.667721693017562,-13.667721693017562
2021-12,"ARIMA(1,1,1)",10,230000.0000000002,202880.93259706046,11.790898870843359,-11.790898870843359
2021-12,"ARIMA(1,1,1)",11,227645.0000000001,202880.91103799024,10.878380356260774,-10.878380356260774
2021-12,"ARIMA(1,1,1)",12,225000.00000000015,202880.91695322513,9.830703576344447,-9.830703576344447
2022-06,Naive,1,224975.00000000003,220949.99999999997,1.7890876764085155,-1.7890876764085155
2022-06,Naive,2,230000.0000000002,220949.99999999997,3.93478260869575,-3.93478260869575
2022-06,Naive,3,234999.99999999994,220949.99999999997,5.978723404255309,-5.978723404255309
2022-06,Naive,4,230000.0000000002,220949.99999999997,3.93478260869575,-3.93478260869575
2022-06,Naive,5,227645.0000000001,220949.99999999997,2.940982670385958,-2.940982670385958
2022-06,Naive,6,225000.00000000015,220949.99999999997,1.8000000000000764,-1.8000000000000764
2022-06,Naive,7,219999.99999999985,220949.99999999997,0.431818181818235,0.431818181818235
2022-06,Naive,8,219975.0000000001,220949.99999999997,0.44323218547556914,0.44323218547556914
2022-06,Naive,9,215000.00000000006,220949.99999999997,2.767441860465075,2.767441860465075
2022-06,Naive,10,219995.0,220949.99999999997,0.4341007750176008,0.4341007750176008
2022-06,Naive,11,219999.99999999985,220949.99999999997,0.431818181818235,0.431818181818235
2022-06,Naive,12,227500.0000000001,220949.99999999997,2.8791208791209293,-2.8791208791209293
2022-06,Drift,1,224975.00000000003,222299.6601685411,1.189172055321226,-1.189172055321226
2022-06,Drift,2,230000.0000000002,223657.56465738342,2.7575805837464236,-2.7575805837464236
2022-06,Drift,3,234999.99999999994,225023.76382647548,4.245206882350836,-4.245206882350836
2022-06,Drift,4,230000.0000000002,226398.3083433879,1.565952894179258,-1.565952894179258
2022-06,Drift,5,227645.0000000001,227781.24918518998,0.05985160455529256,0.05985160455529256
2022-06,Drift,6,225000.00000000015,229172.63764034177,1.8545056179296084,1.8545056179296084
2022-06,Drift,7,219999.99999999985,230572.52531059604,4.8056933229982715,4.8056933229982715
2022-06,Drift,8,219975.0000000001,231980.96411291175,5.457876628213051,5.457876628213051
2022-06,Drift,9,215000.00000000006,233398.00628137914,8.557212223897247,8.557212223897247
2022-06,Drift,10,219995.0,234823.7043691587,6.740473360375776,6.740473360375776
2022-06,Drift,11,219999.99999999985,236258.11125042744,7.390050568376178,7.390050568376178
2022-06,Drift,12,227500.0000000001,237701.28012234173,4.484079174655667,4.484079174655667
2022-06,Damped Holt,1,224975.00000000003,219203.55366791383,2.565372300071651,-2.565372300071651
2022-06,Damped Holt,2,230000.0000000002,220335.78299973498,4.201833478376182,-4.201833478376182
2022-06,Damped Holt,3,234999.99999999994,221468.15553318124,5.758231688007959,-5.758231688007959
2022-06,Damped Holt,4,230000.0000000002,222600.6421867438,3.2171120927201775,-3.2171120927201775
2022-06,Damped Holt,5,227645.0000000001,223733.21401562463,1.718371141195921,-1.718371141195921
2022-06,Damped Holt,6,225000.00000000015,224865.8422132789,0.059625682987220964,-0.059625682987220964
2022-06,Damped Holt,7,219999.99999999985,225998.49811292737,2.726590051330689,2.726590051330689
2022-06,Damped Holt,8,219975.0000000001,227131.1531890311,3.2531665821256945,3.2531665821256945
2022-06,Damped Holt,9,215000.00000000006,228263.77905873902,6.169199562204166,6.169199562204166
2022-06,Damped Holt,10,219995.0,229396.347483301,4.273436888702475,4.273436888702475
2022-06,Damped Holt,11,219999.99999999985,230528.83036944736,4.7858319861125045,4.7858319861125045
2022-06,Damped Holt,12,227500.0000000001,231661.19977073875,1.8290988003246857,1.8290988003246857
2022-06,"ARIMA(1,1,1)",1,224975.00000000003,217492.39998376308,3.3259695593896854,-3.3259695593896854
2022-06,"ARIMA(1,1,1)",2,230000.0000000002,218324.588158793,5.076266017916175,-5.076266017916175
2022-06,"ARIMA(1,1,1)",3,234999.99999999994,218122.7996246484,7.18178739376661,-7.18178739376661
2022-06,"ARIMA(1,1,1)",4,230000.0000000002,218171.64135035727,5.142764630279531,-5.142764630279531
2022-06,"ARIMA(1,1,1)",5,227645.0000000001,218159.8143516249,4.166656701607849,-4.166656701607849
2022-06,"ARIMA(1,1,1)",6,225000.00000000015,218162.67795149097,3.0388097993374084,-3.0388097993374084
2022-06,"ARIMA(1,1,1)",7,219999.99999999985,218161.98458763567,0.8354615510746297,-0.8354615510746297
2022-06,"ARIMA(1,1,1)",8,219975.0000000001,218162.15247089032,0.8241152536014412,-0.8241152536014412
2022-06,"ARIMA(1,1,1)",9,215000.00000000006,218162.11182148344,1.4707496844108758,1.4707496844108758
2022-06,"ARIMA(1,1,1)",10,219995.0,218162.12166388045,0.8331454515418772,-0.8331454515418772
2022-06,"ARIMA(1,1,1)",11,219999.99999999985,218162.11928075118,0.8354003269312147,-0.8354003269312147
2022-06,"ARIMA(1,1,1)",12,227500.0000000001,218162.1198577758,4.104562699878804,-4.104562699878804
2022-12,Naive,1,219999.99999999985,225000.00000000015,2.2727272727274066,2.2727272727274066
2022-12,Naive,2,219975.0000000001,225000.00000000015,2.284350494374386,2.284350494374386
2022-12,Naive,3,215000.00000000006,225000.00000000015,4.651162790697714,4.651162790697714
2022-12,Naive,4,219995.0,225000.00000000015,2.2750517057206507,2.2750517057206507
2022-12,Naive,5,219999.99999999985,225000.00000000015,2.2727272727274066,2.2727272727274066
2022-12,Naive,6,227500.0000000001,225000.00000000015,1.0989010989010728,-1.0989010989010728
2022-12,Naive,7,225000.00000000015,225000.00000000015,0.0,0.0
2022-12,Naive,8,227999.9999999998,225000.00000000015,1.3157894736840585,-1.3157894736840585
2022-12,Naive,9,223750.00000000012,225000.00000000015,0.5586592178771077,0.5586592178771077
2022-12,Naive,10,225000.00000000015,225000.00000000015,0.0,0.0
2022-12,Naive,11,219999.99999999985,225000.00000000015,2.2727272727274066,2.2727272727274066
2022-12,Naive,12,228999.99999999983,225000.00000000015,1.7467248908295558,-1.7467248908295558
2022-12,Drift,1,219999.99999999985,226303.90739589423,2.8654124526792644,2.8654124526792644
2022-12,Drift,2,219975.0000000001,227615.37112288637,3.47329065706843,3.47329065706843
2022-12,Drift,3,215000.00000000006,228934.43497100327,6.481132544652654,6.481132544652654
2022-12,Drift,4,219995.0,230261.14298404116,4.666534686716134,4.666534686716134
2022-12,Drift,5,219999.99999999985,231595.53946103633,5.270699755016582,5.270699755016582
2022-12,Drift,6,227500.0000000001,232937.66895774443,2.3901841572502613,2.3901841572502613
2022-12,Drift,7,225000.00000000015,234287.5762881281,4.12781168361242,4.12781168361242
2022-12,Drift,8,227999.9999999998,235645.30652585338,3.35320461660245,3.35320461660245
2022-12,Drift,9,223750.00000000012,237010.90500579466,5.926661455103703,5.926661455103703
2022-12,Drift,10,225000.00000000015,238384.417325548,5.948629922465716,5.948629922465716
2022-12,Drift,11,219999.99999999985,239765.8893469555,8.984495157707112,8.984495157707112
2022-12,Drift,12,228999.99999999983,241155.36719763378,5.308020610320508,5.308020610320508
2022-12,Damped Holt,1,219999.99999999985,230654.01116002587,4.842732345466373,4.842732345466373
2022-12,Damped Holt,2,219975.0000000001,231870.51046765439,5.407664719924671,5.407664719924671
2022-12,Damped Holt,3,215000.00000000006,233087.29515907494,8.412695422825525,8.412695422825525
2022-12,Damped Holt,4,219995.0,234304.33337122906,6.5043902685193125,6.5043902685193125
2022-12,Damped Holt,5,219999.99999999985,235521.59338079247,7.055269718542105,7.055269718542105
2022-12,Damped Holt,6,227500.0000000001,236739.04360598192,4.061118068563441,4.061118068563441
2022-12,Damped Holt,7,225000.00000000015,237956.65260832585,5.758512270366976,5.758512270366976
2022-12,Damped Holt,8,227999.9999999998,239174.3890943991,4.901047848420757,4.901047848420757
2022-12,Damped Holt,9,223750.00000000012,240392.22191752546,7.4378645441454,7.4378645441454
2022-12,Damped Holt,10,225000.00000000015,241610.12007943995,7.382275590862131,7.382275590862131
2022-12,Damped Holt,11,219999.99999999985,242828.05273191747,10.376387605417106,10.376387605417106
2022-12,Damped Holt,12,228999.99999999983,244045.9891783705,6.570300951253579,6.570300951253579
2022-12,"ARIMA(1,1,1)",1,219999.99999999985,227728.08146455293,3.512764302069583,3.512764302069583
2022-12,"ARIMA(1,1,1)",2,219975.0000000001,227092.36512887315,3.2355336419470664,3.2355336419470664
2022-12,"ARIMA(1,1,1)",3,215000.00000000006,227239.66268038322,5.6928663629689105,5.6928663629689105
2022-12,"ARIMA(1,1,1)",4,219995.0,227205.48817965537,3.2775691173232877,3.2775691173232877
2022-12,"ARIMA(1,1,1)",5,219999.99999999985,227213.41457281503,3.278824805825083,3.278824805825083
2022-12,"ARIMA(1,1,1)",6,227500.0000000001,227211.5760037687,0.1267797785632409,-0.1267797785632409
2022-12,"ARIMA(1,1,1)",7,225000.00000000015,227212.0024625982,0.9831122055991365,0.9831122055991365
2022-12,"ARIMA(1,1,1)",8,227999.9999999998,227211.9035444587,0.3456563401496012,-0.3456563401496012
2022-12,"ARIMA(1,1,1)",9,223750.00000000012,227211.9264887359,1.5472297156360981,1.5472297156360981
2022-12,"ARIMA(1,1,1)",10,225000.00000000015,227211.92116675977,0.9830760741153881,0.9830760741153881
2022-12,"ARIMA(1,1,1)",11,219999.99999999985,227211.92240120372,3.278146546001757,3.278146546001757
2022-12,"ARIMA(1,1,1)",12,228999.99999999983,227211.92211487188,0.7808200371737763,-0.7808200371737763
2023-06,Naive,1,225000.00000000015,227500.0000000001,1.1111111111110845,1.1111111111110845
2023-06,Naive,2,227999.9999999998,227500.0000000001,0.21929824561390762,-0.21929824561390762
2023-06,Naive,3,223750.00000000012,227500.0000000001,1.675977653631271,1.675977653631271
2023-06,Naive,4,225000.00000000015,227500.0000000001,1.1111111111110845,1.1111111111110845
2023-06,Naive,5,219999.99999999985,227500.0000000001,3.409090909091017,3.409090909091017
2023-06,Naive,6,228999.99999999983,227500.0000000001,0.6550218340610214,-0.6550218340610214
2023-06,Naive,7,225000.00000000015,227500.0000000001,1.1111111111110845,1.1111111111110845
2023-06,Naive,8,225000.00000000015,227500.0000000001,1.1111111111110845,1.1111111111110845
2023-06,Naive,9,222000.00000000012,227500.0000000001,2.4774774774774633,2.4774774774774633
2023-06,Naive,10,229995.00000000012,227500.0000000001,1.0848061914389564,-1.0848061914389564
2023-06,Naive,11,244999.99999999983,227500.0000000001,7.142857142857041,-7.142857142857041
2023-06,Naive,12,240000.00000000015,227500.0000000001,5.208333333333354,-5.208333333333354
2023-06,Drift,1,225000.00000000015,228735.258939751,1.6601150843337065,1.6601150843337065
2023-06,Drift,2,227999.9999999998,229977.22497685716,0.8672039372181444,0.8672039372181444
2023-06,Drift,3,223750.00000000012,231225.9345289089,3.3411997894564363,3.3411997894564363
2023-06,Drift,4,225000.00000000015,232481.42421123455,3.32507742721529,3.32507742721529
2023-06,Drift,5,219999.99999999985,233743.7308379728,6.2471503808968,6.2471503808968
2023-06,Drift,6,228999.99999999983,235012.8914231527,2.6257167786693802,2.6257167786693802
2023-06,Drift,7,225000.00000000015,236288.94318177758,5.017308080789967,5.017308080789967
2023-06,Drift,8,225000.00000000015,237571.9235309186,5.587521569297088,5.587521569297088
2023-06,Drift,9,222000.00000000012,238861.87009081081,7.595436977842653,7.595436977842653
2023-06,Drift,10,229995.00000000012,240158.82068595497,4.4191485406008155,4.4191485406008155
2023-06,Drift,11,244999.99999999983,241462.81334622906,1.4437496546003146,-1.4437496546003146
2023-06,Drift,12,240000.00000000015,242773.88630800237,1.155785961667594,1.155785961667594
2023-06,Damped Holt,1,225000.00000000015,225823.59789405364,0.3660435084682214,0.3660435084682214
2023-06,Damped Holt,2,227999.9999999998,226835.98737956924,0.5105318510660338,-0.5105318510660338
2023-06,Damped Holt,3,223750.00000000012,227847.8195429748,1.8314277287037624,1.8314277287037624
2023-06,Damped Holt,4,225000.00000000015,228859.0721303848,1.715143169059844,1.715143169059844
2023-06,Damped Holt,5,219999.99999999985,229869.7230392486,4.4862377451130735,4.4862377451130735
2023-06,Damped Holt,6,228999.99999999983,230879.7503189717,0.8208516676733063,0.8208516676733063
2023-06,Damped Holt,7,225000.00000000015,231889.13217151284,3.0618365206723084,3.0618365206723084
2023-06,Damped Holt,8,225000.00000000015,232897.84695195936,3.5101542008707614,3.5101542008707614
2023-06,Damped Holt,9,222000.00000000012,233905.8731690752,5.363005932015803,5.363005932015803
2023-06,Damped Holt,10,229995.00000000012,234913.1894858294,2.1383897414418973,2.1383897414418973
2023-06,Damped Holt,11,244999.99999999983,235919.77471989626,3.706214400042274,-3.706214400042274
2023-06,Damped Holt,12,240000.00000000015,236925.60784413602,1.2809967316100537,-1.2809967316100537
2023-06,"ARIMA(1,1,1)",1,225000.00000000015,222034.31041047059,1.318084262013137,-1.318084262013137
2023-06,"ARIMA(1,1,1)",2,227999.9999999998,223256.82591565448,2.0803395106777716,-2.0803395106777716
2023-06,"ARIMA(1,1,1)",3,223750.00000000012,222980.2050956678,0.3440424153440521,-0.3440424153440521
2023-06,"ARIMA(1,1,1)",4,225000.00000000015,223042.63379737487,0.8699405345001201,-0.8699405345001201
2023-06,"ARIMA(1,1,1)",5,219999.99999999985,223028.53638967904,1.3766074498541747,1.3766074498541747
2023-06,"ARIMA(1,1,1)",6,228999.99999999983,223031.7193888779,2.60623607472574,-2.60623607472574
2023-06,"ARIMA(1,1,1)",7,225000.00000000015,223031.00069023547,0.8751108043398573,-0.8751108043398573
2023-06,"ARIMA(1,1,1)",8,225000.00000000015,223031.1629661922,0.8750386816924174,-0.8750386816924174
2023-06,"ARIMA(1,1,1)",9,222000.00000000012,223031.12632562444,0.46447131784879503,0.46447131784879503
2023-06,"ARIMA(1,1,1)",10,229995.00000000012,223031.13459875842,3.0278333882222186,-3.0278333882222186
2023-06,"ARIMA(1,1,1)",11,244999.99999999983,223031.13273075374,8.966884599692285,-8.966884599692285
2023-06,"ARIMA(1,1,1)",12,240000.00000000015,223031.1331525336,7.0703611864443845,-7.0703611864443845
2023-12,Naive,1,225000.00000000015,228999.99999999983,1.7777777777776342,1.7777777777776342
2023-12,Naive,2,225000.00000000015,228999.99999999983,1.7777777777776342,1.7777777777776342
2023-12,Naive,3,222000.00000000012,228999.99999999983,3.1531531531530206,3.1531531531530206
2023-12,Naive,4,229995.00000000012,228999.99999999983,0.43261810039361315,-0.43261810039361315
2023-12,Naive,5,244999.99999999983,228999.99999999983,6.530612244897964,-6.530612244897964
2023-12,Naive,6,240000.00000000015,228999.99999999983,4.5833333333334645,-4.5833333333334645
2023-12,Naive,7,237499.99999999994,228999.99999999983,3.5789473684211024,-3.5789473684211024
2023-12,Naive,8,240000.00000000015,228999.99999999983,4.5833333333334645,-4.5833333333334645
2023-12,Naive,9,240000.00000000015,228999.99999999983,4.5833333333334645,-4.5833333333334645
2023-12,Naive,10,237499.99999999994,228999.99999999983,3.5789473684211024,-3.5789473684211024
2023-12,Naive,11,242500.00000000017,228999.99999999983,5.567010309278491,-5.567010309278491
2023-12,Naive,12,234722.49999999988,228999.99999999983,2.4379852804908184,-2.4379852804908184
2023-12,Drift,1,225000.00000000015,230159.3690849683,2.293052926652507,2.293052926652507
2023-12,Drift,2,225000.00000000015,231324.6077624048,2.8109367832909578,2.8109367832909578
2023-12,Drift,3,222000.00000000012,232495.74574857156,4.7278134002574035,4.7278134002574035
2023-12,Drift,4,229995.00000000012,233672.81291017673,1.5990838540736139,1.5990838540736139
2023-12,Drift,5,244999.99999999983,234855.83926513605,4.140473769332157,-4.140473769332157
2023-12,Drift,6,240000.00000000015,236044.85498333833,1.6479770902757558,-1.6479770902757558
2023-12,Drift,7,237499.99999999994,237239.89038741495,0.10951983687788937,-0.10951983687788937
2023-12,Drift,8,240000.00000000015,238440.97595351312,0.6495933527029285,-0.6495933527029285
2023-12,Drift,9,240000.00000000015,239648.142312073,0.14660736996964252,-0.14660736996964252
2023-12,Drift,10,237499.99999999994,240861.420248609,1.4153348415196068,1.4153348415196068
2023-12,Drift,11,242500.00000000017,242080.84070449474,0.17284919402286034,-0.17284919402286034
2023-12,Drift,12,234722.49999999988,243306.43477775226,3.657056642525699,3.657056642525699
2023-12,Damped Holt,1,225000.00000000015,227901.29365107874,1.2894638449238192,1.2894638449238192
2023-12,Damped Holt,2,225000.00000000015,228800.737900904,1.689216844846157,1.689216844846157
2023-12,Damped Holt,3,222000.00000000012,229697.9515004892,3.4675457209410276,3.4675457209410276
2023-12,Damped Holt,4,229995.00000000012,230592.9175318131,0.25996979578380863,0.25996979578380863
2023-12,Damped Holt,5,244999.99999999983,231485.6193749161,5.516073724523972,-5.516073724523972
2023-12,Damped Holt,6,240000.00000000015,232376.04070639773,3.17664970566767,-3.17664970566767
2023-12,Damped Holt,7,237499.99999999994,233264.16549788538,1.7835092640482384,-1.7835092640482384
2023-12,Damped Holt,8,240000.00000000015,234149.97801447884,2.4375091606338763,-2.4375091606338763
2023-12,Damped Holt,9,240000.00000000015,235033.46281316958,2.0693904945127346,-2.0693904945127346
2023-12,Damped Holt,10,237499.99999999994,235914.60474123558,0.6675348457955194,-0.6675348457955194
2023-12,Damped Holt,11,242500.00000000017,236793.3889346147,2.3532416764476207,-2.3532416764476207
2023-12,Damped Holt,12,234722.49999999988,237669.8008162541,1.255653299642866,1.255653299642866
2023-12,"ARIMA(1,1,1)",1,225000.00000000015,224359.67481820856,0.28458896968515,-0.28458896968515
2023-12,"ARIMA(1,1,1)",2,225000.00000000015,225409.9091996417,0.18218186650735624,0.18218186650735624
2023-12,"ARIMA(1,1,1)",3,222000.00000000012,225169.89062140614,1.4278786582910021,1.4278786582910021
2023-12,"ARIMA(1,1,1)",4,229995.00000000012,225224.62277225783,2.074122145151973,-2.074122145151973
2023-12,"ARIMA(1,1,1)",5,244999.99999999983,225212.1357325069,8.076679292854262,-8.076679292854262
2023-12,"ARIMA(1,1,1)",6,240000.00000000015,225214.98429954782,6.160423208521797,-6.160423208521797
2023-12,"ARIMA(1,1,1)",7,237499.99999999994,225214.334461989,5.172911805478294,-5.172911805478294
2023-12,"ARIMA(1,1,1)",8,240000.00000000015,225214.48270716477,6.160632205348068,-6.160632205348068
2023-12,"ARIMA(1,1,1)",9,240000.00000000015,225214.44888846372,6.160646296473505,-6.160646296473505
2023-12,"ARIMA(1,1,1)",10,237499.99999999994,225214.45660341418,5.172860377509797,-5.172860377509797
2023-12,"ARIMA(1,1,1)",11,242500.00000000017,225214.45484342758,7.128059858380447,-7.128059858380447
2023-12,"ARIMA(1,1,1)",12,234722.49999999988,225214.4552449278,4.050759835581197,-4.050759835581197
2024-06,Naive,1,237499.99999999994,240000.00000000015,1.0526315789474545,1.0526315789474545
2024-06,Naive,2,240000.00000000015,240000.00000000015,0.0,0.0
2024-06,Naive,3,240000.00000000015,240000.00000000015,0.0,0.0
2024-06,Naive,4,237499.99999999994,240000.00000000015,1.0526315789474545,1.0526315789474545
2024-06,Naive,5,242500.00000000017,240000.00000000015,1.0309278350515576,-1.0309278350515576
2024-06,Naive,6,234722.49999999988,240000.00000000015,2.2483997060359635,2.2483997060359635
2024-06,Naive,7,240000.00000000015,240000.00000000015,0.0,0.0
2024-06,Naive,8,243000.00000000012,240000.00000000015,1.2345679012345554,-1.2345679012345554
2024-06,Naive,9,257500.0000000002,240000.00000000015,6.796116504854386,-6.796116504854386
2024-06,Naive,10,219750.00000000006,240000.00000000015,9.215017064846455,9.215017064846455
2024-06,Naive,11,234999.99999999994,240000.00000000015,2.127659574468172,2.127659574468172
2024-06,Naive,12,242000.00000000003,240000.00000000015,0.8264462809916874,-0.8264462809916874
2024-06,Drift,1,237499.99999999994,241267.1206115917,1.5861560469860043,1.5861560469860043
2024-06,Drift,2,240000.00000000015,242540.9312008675,1.058721333694726,1.058721333694726
2024-06,Drift,3,240000.00000000015,243821.46708869762,1.5922779536239482,1.5922779536239482
2024-06,Drift,4,237499.99999999994,245108.76378243297,3.2036900136560136,3.2036900136560136
2024-06,Drift,5,242500.00000000017,246402.85697689318,1.6094255574816496,1.6094255574816496
2024-06,Drift,6,234722.49999999988,247703.782555353,5.530480697569741,5.530480697569741
2024-06,Drift,7,240000.00000000015,249011.57659054088,3.754823579391969,3.754823579391969
2024-06,Drift,8,243000.00000000012,250326.27534563537,3.014928125775822,3.014928125775822
2024-06,Drift,9,257500.0000000002,251647.91527527454,2.272654262029381,-2.272654262029381
2024-06,Drift,10,219750.00000000006,252976.53302656303,15.120151547923989,15.120151547923989
2024-06,Drift,11,234999.99999999994,254312.16544009192,8.217942740464673,8.217942740464673
2024-06,Drift,12,242000.00000000003,255654.84955095657,5.64249981444485,5.64249981444485
2024-06,Damped Holt,1,237499.99999999994,237460.30224794644,0.016714842969894804,-0.016714842969894804
2024-06,Damped Holt,2,240000.00000000015,238456.07991246157,0.6433000364744047,-0.6433000364744047
2024-06,Damped Holt,3,240000.00000000015,239451.02313668485,0.22874035971470813,-0.22874035971470813
2024-06,Damped Holt,4,237499.99999999994,240445.11187199297,1.2400471039970629,1.2400471039970629
2024-06,Damped Holt,5,242500.00000000017,241438.326226281,0.4378036180285244,-0.4378036180285244
2024-06,Damped Holt,6,234722.49999999988,242430.6464642747,3.2839401694659958,3.2839401694659958
2024-06,Damped Holt,7,240000.00000000015,243422.05300782554,1.4258554199272466,1.4258554199272466
2024-06,Damped Holt,8,243000.00000000012,244412.5264361819,0.5812865992517681,0.5812865992517681
2024-06,Damped Holt,9,257500.0000000002,245402.04748624164,4.698233985925651,-4.698233985925651
2024-06,Damped Holt,10,219750.00000000006,246390.59705278272,12.12313859057231,12.12313859057231
2024-06,Damped Holt,11,234999.99999999994,247378.15618867302,5.267300505818333,5.267300505818333
2024-06,Damped Holt,12,242000.00000000003,248364.70610506306,2.630043845067367,2.630043845067367
2024-06,"ARIMA(1,1,1)",1,237499.99999999994,237764.31071722112,0.1112887230404947,0.1112887230404947
2024-06,"ARIMA(1,1,1)",2,240000.00000000015,238216.31336199248,0.7432027658365279,-0.7432027658365279
2024-06,"ARIMA(1,1,1)",3,240000.00000000015,238124.51803791558,0.7814508175352356,-0.7814508175352356
2024-06,"ARIMA(1,1,1)",4,237499.99999999994,238143.14340196567,0.2707972218803082,0.2707972218803082
2024-06,"ARIMA(1,1,1)",5,242500.00000000017,238139.36359840815,1.798200577976092,-1.798200577976092
2024-06,"ARIMA(1,1,1)",6,234722.49999999988,238140.13063733416,1.4560302643906242,1.4560302643906242
2024-06,"ARIMA(1,1,1)",7,240000.00000000015,238139.97498025245,0.7750104248948745,-0.7750104248948745
2024-06,"ARIMA(1,1,1)",8,243000.00000000012,238140.00656807536,1.9999972970883755,-1.9999972970883755
2024-06,"ARIMA(1,1,1)",9,257500.0000000002,238140.0001578891,7.518446540625668,-7.518446540625668
2024-06,"ARIMA(1,1,1)",10,219750.00000000006,238140.00145872205,8.368601346403635,8.368601346403635
2024-06,"ARIMA(1,1,1)",11,234999.99999999994,238140.00119474131,1.3361707211665421,1.3361707211665421
2024-06,"ARIMA(1,1,1)",12,242000.00000000003,238140.0012483115,1.5950408064828576,-1.5950408064828576
2024-12,Naive,1,240000.00000000015,234722.49999999988,2.198958333333441,-2.198958333333441
2024-12,Naive,2,243000.00000000012,234722.49999999988,3.4063786008231394,-3.4063786008231394
2024-12,Naive,3,257500.0000000002,234722.49999999988,8.845631067961282,-8.845631067961282
2024-12,Naive,4,219750.00000000006,234722.49999999988,6.813424345847473,6.813424345847473
2024-12,Naive,5,234999.99999999994,234722.49999999988,0.11808510638300353,-0.11808510638300353
2024-12,Naive,6,242000.00000000003,234722.49999999988,3.0072314049587376,-3.0072314049587376
2024-12,Naive,7,243000.00000000012,234722.49999999988,3.4063786008231394,-3.4063786008231394
2024-12,Naive,8,248999.99999999988,234722.49999999988,5.73393574297189,-5.73393574297189
2024-12,Naive,9,243999.9999999998,234722.49999999988,3.8022540983606232,-3.8022540983606232
2024-12,Naive,10,249975.0000000001,234722.49999999988,6.101610161016182,-6.101610161016182
2024-12,Naive,11,244999.99999999983,234722.49999999988,4.194897959183653,-4.194897959183653
2024-12,Naive,12,240000.00000000015,234722.49999999988,2.198958333333441,-2.198958333333441
2024-12,Drift,1,240000.00000000015,235808.77379715207,1.7463442511866973,-1.7463442511866973
2024-12,Drift,2,243000.00000000012,236900.0747679343,2.5102572971464236,-2.5102572971464236
2024-12,Drift,3,257500.0000000002,237996.42617763643,7.5742034261606825,-7.5742034261606825
2024-12,Drift,4,219750.00000000006,239097.8513992178,8.804483003056987,8.804483003056987
2024-12,Drift,5,234999.99999999994,240204.37391380526,2.2146271973639666,2.2146271973639666
2024-12,Drift,6,242000.00000000003,241316.01731119546,0.28263747471262995,-0.28263747471262995
2024-12,Drift,7,243000.00000000012,242432.805290355,0.23341346075930794,-0.23341346075930794
2024-12,Drift,8,248999.99999999988,243554.76165992764,2.186842706856325,-2.186842706856325
2024-12,Drift,9,243999.9999999998,244681.91033874126,0.27947145030387943,0.27947145030387943
2024-12,Drift,10,249975.0000000001,245814.2753563178,1.6644563031032198,-1.6644563031032198
2024-12,Drift,11,244999.99999999983,246951.88085338575,0.7966860626065012,0.7966860626065012
2024-12,Drift,12,240000.00000000015,248094.7510823944,3.372812950997599,3.372812950997599
2024-12,Damped Holt,1,240000.00000000015,240835.2269729385,0.3480112387243084,0.3480112387243084
2024-12,Damped Holt,2,243000.00000000012,241780.59179021878,0.5018140780993154,-0.5018140780993154
2024-12,Damped Holt,3,257500.0000000002,242724.61861471387,5.73801218846071,-5.73801218846071
2024-12,Damped Holt,4,219750.00000000006,243667.28978382863,10.88386338285714,10.88386338285714
2024-12,Damped Holt,5,234999.99999999994,244608.5878202189,4.088760774561262,4.088760774561262
2024-12,Damped Holt,6,242000.00000000003,245548.495431604,1.4663204262826364,1.4663204262826364
2024-12,Damped Holt,7,243000.00000000012,246486.9955105597,1.4349775763619694,1.4349775763619694
2024-12,Damped Holt,8,248999.99999999988,247424.07113429144,0.6329031589190525,-0.6329031589190525
2024-12,Damped Holt,9,243999.9999999998,248359.70556438694,1.7867645755685027,1.7867645755685027
2024-12,Damped Holt,10,249975.0000000001,249293.882246551,0.2724743488145213,-0.2724743488145213
2024-12,Damped Holt,11,244999.99999999983,250226.58481031941,2.133299922579426,2.133299922579426
2024-12,Damped Holt,12,240000.00000000015,251157.79706875587,4.649082111981549,4.649082111981549
2024-12,"ARIMA(1,1,1)",1,240000.00000000015,238629.4899474328,0.5710458552363946,-0.5710458552363946
2024-12,"ARIMA(1,1,1)",2,243000.00000000012,237811.5248316308,2.1351749664071193,-2.1351749664071193
2024-12,"ARIMA(1,1,1)",3,257500.0000000002,237981.42827247456,7.58002785534976,-7.58002785534976
2024-12,"ARIMA(1,1,1)",4,219750.00000000006,237946.07878579368,8.280354396265583,8.280354396265583
2024-12,"ARIMA(1,1,1)",5,234999.99999999994,237953.43095819838,1.2567791311482734,1.2567791311482734
2024-12,"ARIMA(1,1,1)",6,242000.00000000003,237951.90170599348,1.6727678900853487,-1.6727678900853487
2024-12,"ARIMA(1,1,1)",7,243000.00000000012,237952.21978582247,2.077275808303558,-2.077275808303558
2024-12,"ARIMA(1,1,1)",8,248999.99999999988,237952.15362597778,4.436886093984783,-4.436886093984783
2024-12,"ARIMA(1,1,1)",9,243999.9999999998,237952.16738705858,2.478619923336566,-2.478619923336566
2024-12,"ARIMA(1,1,1)",10,249975.0000000001,237952.16452478818,4.80961515159992,-4.80961515159992
2024-12,"ARIMA(1,1,1)",11,244999.99999999983,237952.1651201332,2.8766672979047474,-2.8766672979047474
2024-12,"ARIMA(1,1,1)",12,240000.00000000015,237952.16499630295,0.8532645848738315,-0.8532645848738315
